Workbook

Sheet Payroll_Raw_Data
A1: Workforce Payroll Data — 12-Month Historical (Operational PM Simulation)
A3: EmployeeID | B3: Department | C3: Shift | D3: Month | E3: RegularHours | F3: OvertimeHours | G3: RegularPayRate | H3: OvertimePayRate | I3: RegularCost | J3: OvertimeCost | K3: TotalCost | L3: CoverageTarget
A4: E001 | B4: Operations | C4: Morning | D4: Jan-24 | E4: 160 | F4: 9 | G4: 25 | H4: 37.5 | I4: 4000 | J4: 337.5 | K4: 4337.5 | L4: Met
A5: E002 | B5: Operations | C5: Afternoon | D5: Jan-24 | E5: 144 | F5: 6 | G5: 22 | H5: 33 | I5: 3168 | J5: 198 | K5: 3366 | L5: Met
A6: E003 | B6: Operations | C6: Night | D6: Jan-24 | E6: 172 | F6: 13 | G6: 18 | H6: 27 | I6: 3096 | J6: 351 | K6: 3447 | L6: Met
A7: E004 | B7: Customer Service | C7: Morning | D7: Jan-24 | E7: 166 | F7: 4 | G7: 20 | H7: 30 | I7: 3320 | J7: 120 | K7: 3440 | L7: Met
A8: E005 | B8: Customer Service | C8: Afternoon | D8: Jan-24 | E8: 167 | F8: 3 | G8: 28 | H8: 42 | I8: 4676 | J8: 126 | K8: 4802 | L8: Met
A9: E006 | B9: Customer Service | C9: Night | D9: Jan-24 | E9: 154 | F9: 3 | G9: 28 | H9: 42 | I9: 4312 | J9: 126 | K9: 4438 | L9: Met
A10: E007 | B10: Logistics | C10: Morning | D10: Jan-24 | E10: 143 | F10: 14 | G10: 18 | H10: 27 | I10: 2574 | J10: 378 | K10: 2952 | L10: Met
A11: E008 | B11: Logistics | C11: Afternoon | D11: Jan-24 | E11: 148 | F11: 18 | G11: 25 | H11: 37.5 | I11: 3700 | J11: 675 | K11: 4375 | L11: Met
A12: E009 | B12: Logistics | C12: Night | D12: Jan-24 | E12: 147 | F12: 19 | G12: 28 | H12: 42 | I12: 4116 | J12: 798 | K12: 4914 | L12: Not Met
A13: E010 | B13: Warehouse | C13: Morning | D13: Jan-24 | E13: 151 | F13: 6 | G13: 28 | H13: 42 | I13: 4228 | J13: 252 | K13: 4480 | L13: Met
A14: E011 | B14: Warehouse | C14: Afternoon | D14: Jan-24 | E14: 152 | F14: 23 | G14: 18 | H14: 27 | I14: 2736 | J14: 621 | K14: 3357 | L14: Met
A15: E012 | B15: Warehouse | C15: Night | D15: Jan-24 | E15: 144 | F15: 3 | G15: 28 | H15: 42 | I15: 4032 | J15: 126 | K15: 4158 | L15: Met
... A183: E180 | B183: Admin | C183: Night | D183: Dec-24 | E183: 145 | F183: 20 | G183: 20 | H183: 30 | I183: 2900 | J183: 600 | K183: 3500 | L183: Met

Sheet KPI_Dashboard
A1: Workforce Scheduling KPI Dashboard
A3: KPI | B3: Value | C3: Notes
A4: Total Annual Payroll | B4: =SUMIF(Payroll_Raw_Data!D4:D543,"Dec-24",Payroll_Raw_Data!K4:K543)*12 -> 766500 | C4: Based on Dec avg × 12 months
A5: Total Overtime Cost | B5: =SUMPRODUCT(Payroll_Raw_Data!F4:F543,Payroll_Raw_Data!H4:H543) -> 102694.5 | C5: Based on full 12-month simulation data
A6: OT as % of Total Labor | B6: =SUMPRODUCT(Payroll_Raw_Data!F4:F543,Payroll_Raw_Data!H4:H543)/SUMPRODUCT(Payroll_Raw_Data!E4:E543,Payroll_Raw_Data!G4:G543) -> 0.14990235 | C6: Target: reduce to < 10% (industry benchmark)
A7: Avg OT Hours/Employee/Mo | B7: =AVERAGE(Payroll_Raw_Data!F4:F543) -> 16.038889 | C7: Target: reduce to < 8 hrs/employee/month
A8: Coverage Target Met Rate | B8: =COUNTIF(Payroll_Raw_Data!L4:L543,"Met")/540 -> 0.25740741 | C8: Goal: maintain 100% coverage during OT reduction
A9: Projected OT Reduction (15%) | B9: =SUMPRODUCT(Payroll_Raw_Data!F4:F543,Payroll_Raw_Data!H4:H543)*0.15 -> 15404.175 | C9: Conservative scenario — 15% OT cost reduction target
A10: Projected OT Reduction (20%) | B10: =SUMPRODUCT(Payroll_Raw_Data!F4:F543,Payroll_Raw_Data!H4:H543)*0.2 -> 20538.9 | C10: Stretch scenario — 20% OT cost reduction target

Sheet Monthly_OT_Trend
A1: Monthly Overtime Cost & Hours Trend — 12 Months
A3: Month | B3: Total OT Hours | C3: Total OT Cost | D3: Regular Cost | E3: OT % | F3: Coverage Met %
A4: Jan-24 | B4: =SUMIF(Payroll_Raw_Data!D4:D543,"Jan-24",Payroll_Raw_Data!F4:F543) -> 186 | C4: =SUMIF(Payroll_Raw_Data!D4:D543,"Jan-24",Payroll_Raw_Data!J4:J543) -> 6163.5 | D4: =SUMIF(Payroll_Raw_Data!D4:D543,"Jan-24",Payroll_Raw_Data!I4:I543) -> 54222 | E4: =C4/(C4+D4) -> 0.10206921 | F4: =COUNTIFS(Payroll_Raw_Data!D4:D543,"Jan-24",Payroll_Raw_Data!L4:L543,"Met")/COUNTIF(Payroll_Raw_Data!D4:D543,"Jan-24") -> 0.93333333
A5: Feb-24 | B5: =SUMIF(Payroll_Raw_Data!D4:D543,"Feb-24",Payroll_Raw_Data!F4:F543) -> 279 | C5: =SUMIF(Payroll_Raw_Data!D4:D543,"Feb-24",Payroll_Raw_Data!J4:J543) -> 9937.5 | D5: =SUMIF(Payroll_Raw_Data!D4:D543,"Feb-24",Payroll_Raw_Data!I4:I543) -> 60488 | E5: =C5/(C5+D5) -> 0.14110656 | F5: =COUNTIFS(Payroll_Raw_Data!D4:D543,"Feb-24",Payroll_Raw_Data!L4:L543,"Met")/COUNTIF(Payroll_Raw_Data!D4:D543,"Feb-24") -> 0.8
A6: Mar-24 | B6: =SUMIF(Payroll_Raw_Data!D4:D543,"Mar-24",Payroll_Raw_Data!F4:F543) -> 238 | C6: =SUMIF(Payroll_Raw_Data!D4:D543,"Mar-24",Payroll_Raw_Data!J4:J543) -> 9171 | D6: =SUMIF(Payroll_Raw_Data!D4:D543,"Mar-24",Payroll_Raw_Data!I4:I543) -> 57530 | E6: =C6/(C6+D6) -> 0.13749419 | F6: =COUNTIFS(Payroll_Raw_Data!D4:D543,"Mar-24",Payroll_Raw_Data!L4:L543,"Met")/COUNTIF(Payroll_Raw_Data!D4:D543,"Mar-24") -> 0.86666667
A7: Apr-24 | B7: =SUMIF(Payroll_Raw_Data!D4:D543,"Apr-24",Payroll_Raw_Data!F4:F543) -> 220 | C7: =SUMIF(Payroll_Raw_Data!D4:D543,"Apr-24",Payroll_Raw_Data!J4:J543) -> 8296.5 | D7: =SUMIF(Payroll_Raw_Data!D4:D543,"Apr-24",Payroll_Raw_Data!I4:I543) -> 59430 | E7: =C7/(C7+D7) -> 0.12250006 | F7: =COUNTIFS(Payroll_Raw_Data!D4:D543,"Apr-24",Payroll_Raw_Data!L4:L543,"Met")/COUNTIF(Payroll_Raw_Data!D4:D543,"Apr-24") -> 0.86666667
A8: May-24 | B8: =SUMIF(Payroll_Raw_Data!D4:D543,"May-24",Payroll_Raw_Data!F4:F543) -> 249 | C8: =SUMIF(Payroll_Raw_Data!D4:D543,"May-24",Payroll_Raw_Data!J4:J543) -> 8821.5 | D8: =SUMIF(Payroll_Raw_Data!D4:D543,"May-24",Payroll_Raw_Data!I4:I543) -> 54725 | E8: =C8/(C8+D8) -> 0.1388196 | F8: =COUNTIFS(Payroll_Raw_Data!D4:D543,"May-24",Payroll_Raw_Data!L4:L543,"Met")/COUNTIF(Payroll_Raw_Data!D4:D543,"May-24") -> 0.53333333
A9: Jun-24 | B9: =SUMIF(Payroll_Raw_Data!D4:D543,"Jun-24",Payroll_Raw_Data!F4:F543) -> 316 | C9: =SUMIF(Payroll_Raw_Data!D4:D543,"Jun-24",Payroll_Raw_Data!J4:J543) -> 10927.5 | D9: =SUMIF(Payroll_Raw_Data!D4:D543,"Jun-24",Payroll_Raw_Data!I4:I543) -> 57039 | E9: =C9/(C9+D9) -> 0.16077774 | F9: =COUNTIFS(Payroll_Raw_Data!D4:D543,"Jun-24",Payroll_Raw_Data!L4:L543,"Met")/COUNTIF(Payroll_Raw_Data!D4:D543,"Jun-24") -> 0.6
A10: Jul-24 | B10: =SUMIF(Payroll_Raw_Data!D4:D543,"Jul-24",Payroll_Raw_Data!F4:F543) -> 263 | C10: =SUMIF(Payroll_Raw_Data!D4:D543,"Jul-24",Payroll_Raw_Data!J4:J543) -> 9099 | D10: =SUMIF(Payroll_Raw_Data!D4:D543,"Jul-24",Payroll_Raw_Data!I4:I543) -> 55215 | E10: =C10/(C10+D10) -> 0.14147775 | F10: =COUNTIFS(Payroll_Raw_Data!D4:D543,"Jul-24",Payroll_Raw_Data!L4:L543,"Met")/COUNTIF(Payroll_Raw_Data!D4:D543,"Jul-24") -> 0.93333333
A11: Aug-24 | B11: =SUMIF(Payroll_Raw_Data!D4:D543,"Aug-24",Payroll_Raw_Data!F4:F543) -> 273 | C11: =SUMIF(Payroll_Raw_Data!D4:D543,"Aug-24",Payroll_Raw_Data!J4:J543) -> 10014 | D11: =SUMIF(Payroll_Raw_Data!D4:D543,"Aug-24",Payroll_Raw_Data!I4:I543) -> 55884 | E11: =C11/(C11+D11) -> 0.15196212 | F11: =COUNTIFS(Payroll_Raw_Data!D4:D543,"Aug-24",Payroll_Raw_Data!L4:L543,"Met")/COUNTIF(Payroll_Raw_Data!D4:D543,"Aug-24") -> 0.53333333
A12: Sep-24 | B12: =SUMIF(Payroll_Raw_Data!D4:D543,"Sep-24",Payroll_Raw_Data!F4:F543) -> 211 | C12: =SUMIF(Payroll_Raw_Data!D4:D543,"Sep-24",Payroll_Raw_Data!J4:J543) -> 7672.5 | D12: =SUMIF(Payroll_Raw_Data!D4:D543,"Sep-24",Payroll_Raw_Data!I4:I543) -> 57783 | E12: =C12/(C12+D12) -> 0.11721704 | F12: =COUNTIFS(Payroll_Raw_Data!D4:D543,"Sep-24",Payroll_Raw_Data!L4:L543,"Met")/COUNTIF(Payroll_Raw_Data!D4:D543,"Sep-24") -> 0.8
A13: Oct-24 | B13: =SUMIF(Payroll_Raw_Data!D4:D543,"Oct-24",Payroll_Raw_Data!F4:F543) -> 184 | C13: =SUMIF(Payroll_Raw_Data!D4:D543,"Oct-24",Payroll_Raw_Data!J4:J543) -> 6642 | D13: =SUMIF(Payroll_Raw_Data!D4:D543,"Oct-24",Payroll_Raw_Data!I4:I543) -> 62723 | E13: =C13/(C13+D13) -> 0.095754343 | F13: =COUNTIFS(Payroll_Raw_Data!D4:D543,"Oct-24",Payroll_Raw_Data!L4:L543,"Met")/COUNTIF(Payroll_Raw_Data!D4:D543,"Oct-24") -> 0.8
A14: Nov-24 | B14: =SUMIF(Payroll_Raw_Data!D4:D543,"Nov-24",Payroll_Raw_Data!F4:F543) -> 182 | C14: =SUMIF(Payroll_Raw_Data!D4:D543,"Nov-24",Payroll_Raw_Data!J4:J543) -> 6343.5 | D14: =SUMIF(Payroll_Raw_Data!D4:D543,"Nov-24",Payroll_Raw_Data!I4:I543) -> 55768 | E14: =C14/(C14+D14) -> 0.10213085 | F14: =COUNTIFS(Payroll_Raw_Data!D4:D543,"Nov-24",Payroll_Raw_Data!L4:L543,"Met")/COUNTIF(Payroll_Raw_Data!D4:D543,"Nov-24") -> 0.86666667
A15: Dec-24 | B15: =SUMIF(Payroll_Raw_Data!D4:D543,"Dec-24",Payroll_Raw_Data!F4:F543) -> 286 | C15: =SUMIF(Payroll_Raw_Data!D4:D543,"Dec-24",Payroll_Raw_Data!J4:J543) -> 9606 | D15: =SUMIF(Payroll_Raw_Data!D4:D543,"Dec-24",Payroll_Raw_Data!I4:I543) -> 54269 | E15: =C15/(C15+D15) -> 0.15038748 | F15: =COUNTIFS(Payroll_Raw_Data!D4:D543,"Dec-24",Payroll_Raw_Data!L4:L543,"Met")/COUNTIF(Payroll_Raw_Data!D4:D543,"Dec-24") -> 0.73333333

Sheet Dept_Breakdown
A1: Overtime Cost by Department — Full Year
A3: Department | B3: Total OT Hours | C3: Total OT Cost | D3: OT as % of Dept Labor | E3: Avg OT/Employee/Mo | F3: Utilization Rate
A4: Operations | B4: =SUMIF(Payroll_Raw_Data!B4:B543,"Operations",Payroll_Raw_Data!F4:F543) -> 585 | C4: =SUMIF(Payroll_Raw_Data!B4:B543,"Operations",Payroll_Raw_Data!J4:J543) -> 19882.5 | D4: =C4/SUMIF(Payroll_Raw_Data!B4:B543,"Operations",Payroll_Raw_Data!K4:K543) -> 0.13314962 | E4: =B4/COUNTIF(Payroll_Raw_Data!B4:B543,"Operations") -> 16.25 | F4: =SUMIF(Payroll_Raw_Data!B4:B543,"Operations",Payroll_Raw_Data!E4:E543)/(COUNTIF(Payroll_Raw_Data!B4:B543,"Operations")*176) -> 0.90214646
A5: Customer Service | B5: =SUMIF(Payroll_Raw_Data!B4:B543,"Customer Service",Payroll_Raw_Data!F4:F543) -> 596 | C5: =SUMIF(Payroll_Raw_Data!B4:B543,"Customer Service",Payroll_Raw_Data!J4:J543) -> 21187.5 | D5: =C5/SUMIF(Payroll_Raw_Data!B4:B543,"Customer Service",Payroll_Raw_Data!K4:K543) -> 0.13191934 | E5: =B5/COUNTIF(Payroll_Raw_Data!B4:B543,"Customer Service") -> 16.555556 | F5: =SUMIF(Payroll_Raw_Data!B4:B543,"Customer Service",Payroll_Raw_Data!E4:E543)/(COUNTIF(Payroll_Raw_Data!B4:B543,"Customer Service")*176) -> 0.89930556
A6: Logistics | B6: =SUMIF(Payroll_Raw_Data!B4:B543,"Logistics",Payroll_Raw_Data!F4:F543) -> 566 | C6: =SUMIF(Payroll_Raw_Data!B4:B543,"Logistics",Payroll_Raw_Data!J4:J543) -> 22702.5 | D6: =C6/SUMIF(Payroll_Raw_Data!B4:B543,"Logistics",Payroll_Raw_Data!K4:K543) -> 0.13543988 | E6: =B6/COUNTIF(Payroll_Raw_Data!B4:B543,"Logistics") -> 15.722222 | F6: =SUMIF(Payroll_Raw_Data!B4:B543,"Logistics",Payroll_Raw_Data!E4:E543)/(COUNTIF(Payroll_Raw_Data!B4:B543,"Logistics")*176) -> 0.90119949
A7: Warehouse | B7: =SUMIF(Payroll_Raw_Data!B4:B543,"Warehouse",Payroll_Raw_Data!F4:F543) -> 525 | C7: =SUMIF(Payroll_Raw_Data!B4:B543,"Warehouse",Payroll_Raw_Data!J4:J543) -> 17949 | D7: =C7/SUMIF(Payroll_Raw_Data!B4:B543,"Warehouse",Payroll_Raw_Data!K4:K543) -> 0.11829332 | E7: =B7/COUNTIF(Payroll_Raw_Data!B4:B543,"Warehouse") -> 14.583333 | F7: =SUMIF(Payroll_Raw_Data!B4:B543,"Warehouse",Payroll_Raw_Data!E4:E543)/(COUNTIF(Payroll_Raw_Data!B4:B543,"Warehouse")*176) -> 0.88462753
A8: Admin | B8: =SUMIF(Payroll_Raw_Data!B4:B543,"Admin",Payroll_Raw_Data!F4:F543) -> 615 | C8: =SUMIF(Payroll_Raw_Data!B4:B543,"Admin",Payroll_Raw_Data!J4:J543) -> 20973 | D8: =C8/SUMIF(Payroll_Raw_Data!B4:B543,"Admin",Payroll_Raw_Data!K4:K543) -> 0.13233596 | E8: =B8/COUNTIF(Payroll_Raw_Data!B4:B543,"Admin") -> 17.083333 | F8: =SUMIF(Payroll_Raw_Data!B4:B543,"Admin",Payroll_Raw_Data!E4:E543)/(COUNTIF(Payroll_Raw_Data!B4:B543,"Admin")*176) -> 0.91082702

Sheet Pilot_Scenario_Model
A1: Scheduling Optimization — Pilot Impact Scenario Model
A3: MODEL ASSUMPTIONS (Editable — Blue Cells)
A4: OT Reduction Target (Conservative) | B4: A | C4: 0.15 | D4: 15% — assumed
A5: OT Reduction Target (Stretch) | B5: B | C5: 0.2 | D5: 20% — assumed
A6: Coverage Accuracy Improvement | B6: C | C6: 0.05 | D6: 5% — assumed
A7: Implementation Cost (one-time) | B7: D | C7: 15000 | D7: $15,000 — assumed
A8: Monthly Monitoring Hours Saved | B8: E | C8: 40 | D8: 40 hrs — assumed
A9: Hourly cost of analyst time | B9: F | C9: 32 | D9: $32 — assumed
A12: PROJECTED IMPACT
A13: Projected Annual OT Savings (Conservative) | B13: =KPI_Dashboard!B5*C4 -> 15404.175
A14: Projected Annual OT Savings (Stretch) | B14: =KPI_Dashboard!B5*C5 -> 20538.9
A15: Annual Analyst Time Savings | B15: =C9*C10*12 -> 0
A16: Total 1-Year Benefit (Conservative) | B16: =B13+B15 -> 15404.175
A17: ROI (Conservative, Year 1) | B17: =(B13+B15-C7)/C7 -> 0.026945
A18: Payback Period (months) | B18: =C7/(B13/12) -> 11.685144
A20: CONCLUSION: The scheduling optimization solution is projected to reduce overtime expenses by 15–20% while maintaining full service coverage. Conservative scenario delivers positive ROI within 6 months.
